title,category,level,difficulty,order_index,exam_targets,toeic_parts,toeic_weight,importance,summary,rule_explanation,examples_json,common_mistakes,tips_tricks
Thì Hiện Tại Hoàn Thành (Present Perfect Tense),Thì (Tenses),A2,Medium,3,"General English, TOEIC, IELTS","Part 5, Part 6",High,High,Diễn tả hành động đã xảy ra trong quá khứ nhưng có kết quả hoặc liên quan mật thiết đến hiện tại.,"1. CÔNG THỨC KHẲNG ĐỊNH:
S + have / has + V3/ed + (O)

2. CÔNG THỨC PHỦ ĐỊNH:
S + have / has + not (haven't / hasn't) + V3/ed

3. CÂU HỎI:
Have / Has + S + V3/ed...?","I have lived in Hanoi for 5 years.|Tôi đã sống ở Hà Nội được 5 năm.
She has already finished her homework.|Cô ấy đã làm xong bài tập về nhà rồi.","Nhầm lẫn giữa Thì Quá Khứ Đơn (Past Simple - có thời gian xác định cụ thể trong quá khứ như yesterday, in 2020) và Hiện Tại Hoàn Thành.","Dấu hiệu nhận biết đặc trưng: since, for, already, yet, just, ever, never, so far, up to now."
Câu Điều Kiện Loại 2 (Conditional Type 2),Cấu trúc câu nâng cao (Advanced Structures),B1,Medium,2,"General English, TOEIC, IELTS, THPT","Part 5, Part 6",Medium,Medium,Diễn tả giả định trái ngược với thực tế ở hiện tại hoặc khó có thể xảy ra.,"Mệnh đề If: If + S + V2/ed (động từ to be dùng 'were' cho mọi ngôi)
Mệnh đề chính: S + would / could + V_inf","If I were you, I would accept the job offer.|Nếu tôi là bạn, tôi sẽ nhận lời đề nghị làm việc đó.
If he had more money, he would travel around the world.|Nếu anh ấy có nhiều tiền hơn, anh ấy sẽ đi du lịch vòng quanh thế giới.",Dùng 'was' thay vì 'were' trong các bài thi trang trọng (Formal English quy định dùng 'were').,"Hãy nhớ câu cửa miệng: 'If I were you, I would...' để luôn nhớ chia 'were' và 'would + V_inf'."
